[
    {
        "accuracy": 0.9205555555555556,
        "f1_score": 0.8763566162631419,
        "n_estimators": 500
    },
    {
        "accuracy": 0.9206666666666666,
        "f1_score": 0.8764528802898008,
        "n_estimators": 400
    },
    {
        "accuracy": 0.9203333333333333,
        "f1_score": 0.8759080819837399,
        "n_estimators": 300
    },
    {
        "accuracy": 0.9211111111111111,
        "f1_score": 0.8770431616601875,
        "n_estimators": 200
    },
    {
        "accuracy": 0.9202222222222223,
        "f1_score": 0.8756061361479482,
        "n_estimators": 1000
    },
    {
        "accuracy": 0.9278888888888889,
        "f1_score": 0.8900228632318792,
        "n_estimators": 1000
    }
]